Tarih;Saat;Tüketim Miktarı(MWh)
28.07.2025;00:00;45.663,01
28.07.2025;01:00;43.748,85
28.07.2025;02:00;41.971,52
28.07.2025;03:00;40.728,26
28.07.2025;04:00;39.849,88
28.07.2025;05:00;38.601,31
28.07.2025;06:00;38.183,52
28.07.2025;07:00;41.167,75
28.07.2025;08:00;48.165,13
28.07.2025;09:00;52.631,41
28.07.2025;10:00;55.352,62
28.07.2025;11:00;57.125,13
28.07.2025;12:00;56.630,00
28.07.2025;13:00;58.044,49
28.07.2025;14:00;59.503,67
28.07.2025;15:00;59.366,13
28.07.2025;16:00;59.130,85
28.07.2025;17:00;58.128,60
28.07.2025;18:00;55.729,21
28.07.2025;19:00;55.086,85
28.07.2025;20:00;55.038,60
28.07.2025;21:00;54.491,59
28.07.2025;22:00;53.571,20
28.07.2025;23:00;51.888,83
